id,t√≠tulo,contenido,featured_image,usuario_id
1,"prueba 1","Lorem ipsum dolor sit amet, consectetur adipiscing elit. Nam rhoncus et leo eu ullamcorper. Aliquam quis neque eget lectus vestibulum posuere consequat eget nibh. Morbi feugiat quam justo, a sagittis turpis facilisis vitae. Etiam interdum, leo et faucibus convallis, dolor eros fringilla diam, posuere euismod ex nulla quis turpis. Ut sed neque arcu. Nulla leo nibh, dapibus ac commodo id, blandit eget justo. Vestibulum laoreet sem ipsum, iaculis vestibulum orci convallis ut.",https://picsum.photos/200/300,1
2,"prueba 2","Lorem ipsum dolor sit amet, consectetur adipiscing elit. Nam rhoncus et leo eu ullamcorper. Aliquam quis neque eget lectus vestibulum posuere consequat eget nibh. Morbi feugiat quam justo, a sagittis turpis facilisis vitae. Etiam interdum, leo et faucibus convallis, dolor eros fringilla diam, posuere euismod ex nulla quis turpis. Ut sed neque arcu. Nulla leo nibh, dapibus ac commodo id, blandit eget justo. Vestibulum laoreet sem ipsum, iaculis vestibulum orci convallis ut.",https://picsum.photos/200/300,1
3,"prueba 3","klmdsfnlsd vlsnfofsjanlc ln lspjodfu9aheofncl l",https://picsum.photos/200/300,1
4,"prueba 4","Lorem ipsum dolor sit amet, consectetur adipiscing elit. Nam rhoncus et leo eu ullamcorper. Aliquam quis neque eget lectus vestibulum posuere consequat eget nibh. Morbi feugiat quam justo, a sagittis turpis facilisis vitae. Etiam interdum, leo et faucibus convallis, dolor eros fringilla diam, posuere euismod ex nulla quis turpis. Ut sed neque arcu. Nulla leo nibh, dapibus ac commodo id, blandit eget justo. Vestibulum laoreet sem ipsum, iaculis vestibulum orci convallis ut.",https://picsum.photos/200/300,1
5,"prueba 5","Lorem ipsum dolor sit amet, consectetur adipiscing elit. Nam rhoncus et leo eu ullamcorper. Aliquam quis neque eget lectus vestibulum posuere consequat eget nibh. Morbi feugiat quam justo, a sagittis turpis facilisis vitae. Etiam interdum, leo et faucibus convallis, dolor eros fringilla diam, posuere euismod ex nulla quis turpis. Ut sed neque arcu. Nulla leo nibh, dapibus ac commodo id, blandit eget justo. Vestibulum laoreet sem ipsum, iaculis vestibulum orci convallis ut.",NULL,1
6,"prueba 6","Lorem ipsum dolor sit amet, consectetur adipiscing elit. Nam rhoncus et leo eu ullamcorper. Aliquam quis neque eget lectus vestibulum posuere consequat eget nibh. Morbi feugiat quam justo, a sagittis turpis facilisis vitae. Etiam interdum, leo et faucibus convallis, dolor eros fringilla diam, posuere euismod ex nulla quis turpis. Ut sed neque arcu. Nulla leo nibh, dapibus ac commodo id, blandit eget justo. Vestibulum laoreet sem ipsum, iaculis vestibulum orci convallis ut.",NULL,1
7,"prueba 7","Lorem ipsum dolor sit amet, consectetur adipiscing elit. Nam rhoncus et leo eu ullamcorper. Aliquam quis neque eget lectus vestibulum posuere consequat eget nibh. Morbi feugiat quam justo, a sagittis turpis facilisis vitae. Etiam interdum, leo et faucibus convallis, dolor eros fringilla diam, posuere euismod ex nulla quis turpis. Ut sed neque arcu. Nulla leo nibh, dapibus ac commodo id, blandit eget justo. Vestibulum laoreet sem ipsum, iaculis vestibulum orci convallis ut.",NULL,1
8,"prueba 8","Lorem ipsum dolor sit amet, consectetur adipiscing elit. Nam rhoncus et leo eu ullamcorper. Aliquam quis neque eget lectus vestibulum posuere consequat eget nibh. Morbi feugiat quam justo, a sagittis turpis facilisis vitae. Etiam interdum, leo et faucibus convallis, dolor eros fringilla diam, posuere euismod ex nulla quis turpis. Ut sed neque arcu. Nulla leo nibh, dapibus ac commodo id, blandit eget justo. Vestibulum laoreet sem ipsum, iaculis vestibulum orci convallis ut.",NULL,1
9,"prueba 9","Lorem ipsum dolor sit amet, consectetur adipiscing elit. Nam rhoncus et leo eu ullamcorper. Aliquam quis neque eget lectus vestibulum posuere consequat eget nibh. Morbi feugiat quam justo, a sagittis turpis facilisis vitae. Etiam interdum, leo et faucibus convallis, dolor eros fringilla diam, posuere euismod ex nulla quis turpis. Ut sed neque arcu. Nulla leo nibh, dapibus ac commodo id, blandit eget justo. Vestibulum laoreet sem ipsum, iaculis vestibulum orci convallis ut.",NULL,1
10,"prueba 10","Lorem ipsum dolor sit amet, consectetur adipiscing elit. Nam rhoncus et leo eu ullamcorper. Aliquam quis neque eget lectus vestibulum posuere consequat eget nibh. Morbi feugiat quam justo, a sagittis turpis facilisis vitae. Etiam interdum, leo et faucibus convallis, dolor eros fringilla diam, posuere euismod ex nulla quis turpis. Ut sed neque arcu. Nulla leo nibh, dapibus ac commodo id, blandit eget justo. Vestibulum laoreet sem ipsum, iaculis vestibulum orci convallis ut.",NULL,1
